id,point,name, id_outfit_id,tpo_id
1,UZB/UT/Андиж,Узбектелеком,24,1
2,UZB/UT/Пахта,Узбектелеком,24,1
3,UZB/UT/Тшк,Узбектелеком,24,1
4,KAZ/ V-Net,KAZ/ V-Net,90,2
5,KAZ/ V-Net/Алматы,Казахстан V-Net,23,2
6,KAZ/KT/Актобе,Казахстан КТ,23,2
7,KAZ/KT/Алмат,Казахстан,23,2
8,KAZ/KT/Астана,Казахстан,23,2
9,KAZ/KT/ДКП-1,Казахстан,23,2
10,KAZ/KT/ДКП-2,Казахстан КТ,23,2
11,KAZ/KT/Кордай,Казахстан,23,2
12,KAZ/KT/Мерке,Казахстан,23,2
13,KAZ/KT/Сарыбулак,Казахстан,23,2
14,KAZ/KT/Тараз,КазахТелеком,23,2
15,KAZ/KTС/А-Ата,KazTransCom,74,2
16,KAZ/KTС/Атырау,KazTransCom,74,2
17,KAZ/KTС/Атырау-Волжский,Казахстан Казахтелеком,23,2
18,KAZ/KTС/Кордай,KazTransCom,74,2
19,KAZ/TNS,Казахстан TNS-Plus,89,2
20,KAZ/TNS/Алматы,Казахстан TNS-Plus,68,2
21,KAZ/TNS/Кордой,Казахстан TNS-Plus,89,2
22,KAZ/TNS/Тараз,Казахстан TNS-Plus,89,2
23,RU РосТНац.сеть,Россия,20,3
24,RUS/KVT,Россия ЗАО КвантТ Озинки,87,3
25,RUS/KVT/Воронеж,Россия ЗАО КвантТ,87,3
26,RUS/KVT/Озинки,Россия ЗАО КвантТ Озинки,87,3
27,RUS/MEGFON/С-Петер,Россия,71,3
28,RUS/Rn,Россия АО Retn.Net,93,3
29,RUS/Rn/Кордой,RUS/Rn/Кордой,93,3
30,RUS/Rn/Мск,Россия АО Retn.Net Мск,93,3
31,RUS/RT,Россия РТ,20,3
32,RUS/RT/M10,Россия РТ,20,3
33,RUS/RT/M7,Россия РТ,20,3
34,RUS/RT/M9,Россия РТ,20,3
35,RUS/RT/MSK-1,Россия РТ,20,3
36,RUS/RT/MSK-2,Россия РТ,20,3
37,RUS/RT/MSK-5,Россия РТ,20,3
38,RUS/RT/Волжский,Россия РТ,20,3
39,RUS/RT/Краснодар,Краснодар,20,3
40,RUS/RT/Новос,Россия РТ,20,3
41,RUS/RT/Ростов,Россия РТ,20,3
42,RUS/RT/Хабаровск,Россия РТ,20,3
43,RUS/SOVTEL,Россия Совинтел,21,3
44,RUS/SOVTEL/Б.Черниговка,Россия,21,3
45,RUS/SOVTEL/Мск,Россия Совинтел,21,3
46,RUS/TTK,Россия ТТК,82,3
47,RUS/TTK/Наушки,Россия ТТК Наушки,82,3
48,RUS/МТТ,Россия,22,3
49,RUS/МТТ/Мск,Россия МТТ,22,3
50,KAZ/TNS,Казахстан TNS-Plus,89,4
51,KAZ/TNS/Кордой,Казахстан TNS Кордой,89,4
52,KAZ/TNS/Тараз,Казахстан TNS Тараз,89,4
53,0,Расформ,7,7
54,11502,РРС-3 Бугумуюз,10,7
55,20001/MSAN-356,Искра MSAN,1,7
56,20002,Кегеты,1,7
57,20002/MSAN-359,Кегеты MSAN,1,7
58,20003,Сайлык,1,7
59,20003/MSAN-359,Сайлык MSAN-359,1,7
60,20004/MSAN-367,Дон-Арык,1,7
61,20005/MSAN-369,Ленин-Жол,1,7
62,20007/MSAN-368,Калиновка,1,7
63,20008/MSAN-369/1,Виноградное,1,7
64,20009/MSAN-370,Кара-Дюбе,1,7
65,20101/м9,Камышановка  К706/м9,1,7
66,20102,Джыламыш,1,7
67,20102/MSAN-618,Джыламыш MSAN,1,7
68,20103,Жаны-Пахта,1,7
69,20601,Мраморное,1,7
70,20601/м1,Мраморное м1,1,7
71,20601/м2,Мраморное м2,1,7
72,30101,Марказ,13,7
73,30102,Булак Баши,13,7
74,30103,Бужум,13,7
75,30104,Кок-Талаа,13,7
76,30105,Кожо,13,7
77,30109/Рынок,Халмион/рынок,13,7
78,30201/рынок,Рынок,13,7
79,30202,Гулдуромо,13,7
80,35325,РРС-25,10,7
81,35338,РРС-38,10,7
82,35339,РРС-39,10,7
83,35340,РРС-40,10,7
84,35341,РРС-41,10,7
85,35342,РРС-42,10,7
86,35359,РРС-59,10,7
87,35406,РРС-6,10,7
88,35419,РРС-19,10,7
89,35420,РРС-20,10,7
90,35421,РРС-21,10,7
91,35422,РРС-22,10,7
92,35423,РРС-23,10,7
93,35424,РРС-24,10,7
94,35429,РРС-29,10,7
95,35431,РРС-31,10,7
96,35433,РРС-33,7,7
97,35437,РРС-37,10,7
98,35444,РРС-44,10,7
99,35445,РРС-45,10,7
100,35446,РРС-46,10,7
101,35447,РРС-47,10,7
102,35453,РРС-53,10,7
103,35454,РРС-54,10,7
104,35462,РРС-62,10,7
105,35492,РРС-92,10,7
106,35501,РРС Nera,7,7
107,35502,Кара-Жигач НС,7,7
108,35504,РРС-4,10,7
109,35504/ГЦТ,РРС-4 ГЦТ,10,7
110,35504/ГЦТ/C3750,РПО РМТР С3750,10,7
111,35505,РРС-5,10,7
112,35515,РРС-15,10,7
113,35562 DDF,Бишкек ЦАТС-62 DDF,11,7
114,35612,РРС-12,10,7
115,35613,РРС-13,10,7
116,35614,РРС-14,10,7
117,35627,РРС-27,10,7
118,35628,РРС-28,10,7
119,35643,РРС-43,10,7
120,35648,РРС-48,10,7
121,35661,РРС-61,10,7
122,35663,РРС-63,10,7
123,35664,РРС-64,10,7
124,35701,Ош Nera,5,7
125,35718,РРС-18,10,7
126,35726,РРС-26,10,7
127,35730,РРС-30,10,7
128,35732,РРС-32,10,7
129,35734,РРС-34,10,7
130,35749,РРС-49,10,7
131,35751,РРС-51,10,7
132,35752,РРС-52,10,7
133,35757,РРС-57,10,7
134,35760,РРС-60,10,7
135,35765,РРС-65,10,7
136,35766,РРС-66,10,7
137,35807,РРС-7,10,7
138,35808,РРС-8,10,7
139,35809,РРС-9,10,7
140,35810,РРС-10,10,7
141,35811,РРС-11,10,7
142,35858,РРС-58,10,7
143,35902,РРС-Шумкар,2,7
144,35916,РРС-16,10,7
145,35917,РРС-17,10,7
146,35935,РРС-35,10,7
147,35992,Токмок,1,7
148,35992/MSAN-300,Токмок MSAN Школа,1,7
149,35992/MSAN-313,Токмок MSAN Ворошилова,1,7
150,35992/MSAN-328,Токмок MSAN Телеком,1,7
151,35992/MSAN-348,Токмок MSAN Татарская,1,7
152,35992/MSAN-362,Токмок MSAN Сахзавод,1,7
153,35992/MSAN-392,Токмок MSAN Новостройка,1,7
154,35992/MSAN-600,Токмок MSAN Гостиница,1,7
155,35992/SL2,Токмок ЦИКТ,1,7
156,35992/АТС-2,Токмок АТС-2,1,7
157,35992/ЦАТС-51,Токмок ЦАТС-51,1,7
158,35992/ЦАТС-54,Токмок ЦАТС-54,1,7
159,35992/ЦАТС-56,Токмок ЦАТС-56,1,7
160,35992/ЦАТС-57,Токмок ЦАТС-57,1,7
161,35992/ЦАТС-61,Токмок ЦАТС-61,1,7
162,35993,Баткен,13,7
163,35993/CX200,Баткен CX200,13,7
164,35993/ЦАТС-5,Баткен ЦАТС-5,13,7
165,35993/ЦИКТ,Баткен ЦИКТ,13,7
166,35994,Жалал-Абад,6,7
167,35994/Iwata,Iwata Chizaki Ink,6,7
168,35994/MSAN-700,Ж-Абад MSAN-700,6,7
169,35994/MSAN-760,Жалалабат MSAN Ынтымак,6,7
170,35994/MSAN-767,"Жалалабат MSAN Роза_x000d_
Парк",6,7
171,35994/MSAN-Жениш,Жалалабат MSAN Жениш,6,7
172,35994/мост,Жалал-Абад мост,6,7
173,35994/ЦАТС-2,Ж-Абад ЦАТС-2,6,7
174,35994/ЦАТС-4,Жалалабат ЦАТС-4,6,7
175,35994/ЦАТС-5,Ж-Абад ЦАТС-5,6,7
176,35994/ЦИКТ,Ж-Абад ЦИКТ,6,7
177,35995,Бишкек,7,7
178,35995 DDF,Бишкек Аренда,7,7
179,35995 SL1,Switch WoIP,12,7
180,35995 SL2,Бишкек SL2,12,7
181,35995/M-GW,Бишкек  MUX GW,7,7
182,35995/M-GW2,Бишкек ЦСП,7,7
183,35995/АЦП,Бишкек/АЦП,7,7
184,35995/НЭСК,Бишкек НЭСК,7,7
185,35996,Нарын,3,7
186,35996/АЦП,Нарын АЦП,3,7
187,35996/ЦАТС-1,Нарын ЦАТС-1,3,7
188,35996/ЦАТС-3,Нарын ЦАТС-3,3,7
189,35996/ЦАТС-4,Нарын ЦАТС-4,3,7
190,35996/ЦАТС-5,Нарын ЦАТС-5,3,7
191,35996/ЦАТС-6,Нарын ЦАТС-6,3,7
192,35996/ЦИКТ,Нарын ЦИКТ,3,7
193,35997,Ош,5,7
194,35997 ЦИКТ,Ош ЦИКТ,5,7
195,35997/C7803,ЦИКТ C7803,5,7
196,35997/DDF,Ош Аренда,5,7
197,35997/MSAN-300,Ош Honet-АТС-3,5,7
198,35997/MSAN-340,Ош Honet-Фуркат Ош,5,7
199,35997/MSAN-350,Ош Honet-(RSU-5A),5,7
200,35997/MSAN-361,Ош Honet-Айни,5,7
201,35997/MSAN-370,Ош Honet-Ани Обзорная,5,7
202,35997/MSAN-380,Ош Honet-К-Датка 223,5,7
203,35997/MSAN-392,Ош Honet-К-Датка,5,7
204,35997/MSAN-400,Ош Honet-Петрова-47,5,7
205,35997/MSAN-410,Ош Honet- Горбаня,5,7
206,35997/MSAN-416,Ош Honet-Толонов,5,7
207,35997/MSAN-420,Ош Honet-(RSU-5),5,7
208,35997/MSAN-433,Ош Honet-Исанова КУУ,5,7
209,35997/MSAN-445,Ош Honet-ЭМУ DF-410,5,7
210,35997/MSAN-480,Ош Honet-Исанова 37,5,7
211,35997/MSAN-500,Ош Honet-Алиева,5,7
212,35997/MSAN-510,Ош Honet-Низами,5,7
213,35997/MSAN-520,Ош Honet-Толонов-Южная,5,7
214,35997/MSAN-530,Ош Honet-Сарычелек,5,7
215,35997/MSAN-540,Ош Honet-Королёва,5,7
216,35997/MSAN-580,Ош Honet-Тахтехский мост,5,7
217,35997/MSAN-585,Ош Honet-Саргалчаева,5,7
218,35997/MSAN-595,Ош Honet-ПМК-414,5,7
219,35997/MSAN-608,Ош Honet-Ак-Тилек,5,7
220,35997/MSAN-620,Ош Honet-Осмонова,5,7
221,35997/MSAN-664,Ош Honet-Нурматова,5,7
222,35997/MSAN-672,Ош Honet-Ленинградская,5,7
223,35997/MSAN-682,Ош Honet-Анар,5,7
224,35997/MSAN-690,Ош Honet-Кенеш,5,7
225,35997/MSAN-773,Ош MSAN ул Тимура,5,7
226,35997/MSAN-780,Ош Honet-Навои,5,7
227,35997/MSAN-790,Ош Honet-ТУРМ,5,7
228,35997/MSAN-800,Ош Honet-324 (ул.Шарк),5,7
229,35997/MSAN-806,Ош Honet-325 (ул.Шарк),5,7
230,35997/MSAN-810,Ош Honet-307 (ул.Салиевой),5,7
231,35997/MSAN-822,Ош Honet-305 (ул.Салиевой),5,7
232,35997/MSAN-833,Ош Honet-317 (ул.Салиевой),5,7
233,35997/MSAN-841,Ош Honet-301 (ул.Раззакова),5,7
234,35997/MSAN-848,Ош Honet-302,5,7
235,35997/MSAN-859,Ош Honet-311,5,7
236,35997/MSAN-869,Ош Honet-333,5,7
237,35997/MSAN-879,Ош Honet-330 (ул.Мануева),5,7
238,35997/MSAN-887,Ош Honet-329 (ул.Мануева),5,7
239,35997/MSAN-895,Ош Honet-338 (ул.Маруфий),5,7
240,35997/АЦП,Ош ЛАЦ,5,7
241,35997/К2703/М2,0ш К2703/М6,5,7
242,35997/К603/М1,Ош К603 М1,5,7
243,35997/Кенш,Ош Кенеш,5,7
244,35997/Сулайман-Тоо,Ош Сулайман-Тоо,5,7
245,35997/Ц5/S7803,ОШ ЦАТС-5 S7803,5,7
246,35997/ЦАТС-2,Ош MSU-2/7,5,7
247,35997/ЦИКТ,Ош ЦИКТ,5,7
248,35997/ЦПД,Ош ЦПД,5,7
249,35997/ЭлТр,Ош ЭлТр,5,7
250,35998,Каракол,4,7
251,35998/АТС-2,Каракол АТС-2,4,7
252,35998/АЦП,Каракол АЦП,4,7
253,35998/Гебзе,Каракол Гебзе,4,7
254,35998/К608/М4,Каракол К608/М4,4,7
255,35998/ЦАТС-3,Каракол ЦАТС-3,4,7
256,35998/ЦАТС-4,Каракол ЦАТС-4,4,7
257,35998/ЦАТС-5,Каракол ЦАТС-5,4,7
258,35998/ЦАТС-57,Каракол ЦАТС-57,4,7
259,35998/ЦАТС-7,Каракол ЦАТС-7,4,7
260,35998/ЦАТС-9,Каракол ЦАТС-9,4,7
261,35998/ЦИКТ,Каракол ЦИКТ,4,7
262,35999,Талас,2,7
263,35999/RSU-51,Талас RSU-51,2,7
264,35999/Анар,Талас Анар,2,7
265,35999/ЦАТС-5,Талас ЦАТС-5,2,7
266,35999/ЦАТС-51,Талас ЦАТС-51,2,7
267,35999/ЦИКТ,Талас ЦИКТ,2,7
268,40101,Мукур,6,7
269,40102,Каражыгач,6,7
270,40201,Мундуз,6,7
271,40203,Кыргоо,6,7
272,40309,1-Май,6,7
273,40501/ЗРК,Кыргызалтын,6,7
274,40501/ЭБТ,Эти Бакыр,6,7
275,40504,Кызыл-Токой,6,7
276,40505,Шекафтар,6,7
277,40601/MSAN-,Таш-Булак MSAN,6,7
278,40603,Канжыга,6,7
279,40701,Сакалды,6,7
280,40702,Рахманжан,6,7
281,40801,Торкент,6,7
282,40802,Кара-Жигач,6,7
283,41004,Кара-Кашат,6,7
284,41005,Аркыт,6,7
285,41006,Мундуз,6,7
286,54901,BTS-Каховская,11,7
287,54902,Бишкек MSAN Джал Артис,11,7
288,56201/MSAN-450,Киркомстром MSAN-65/11,11,7
289,56501,Колмо Бишкек HONET,11,7
290,70301,Кара-Таш,5,7
291,70302,Сай-Талаа,5,7
292,70303,Терек,5,7
293,70701,Элчибек,5,7
294,80303,Кичи-Орукту,4,7
295,80401,Отуз-Уул,4,7
296,80501,Тилекмат,4,7
297,80502,Ак-Терек,4,7
298,80502/MSAN-605,Ак-Терек MSAN-605,4,7
299,80504,Кичи-Жаргылчак,4,7
300,80504/MSAN-606,Кичи-Жаргылчак MSAN-606,4,7
301,80507,Кумтор ПП,4,7
302,80509/MSAN-608,Светлая поляна MSAN-608,4,7
303,80510,П Волна,4,7
304,80603,Конур-Олен,4,7
305,80603/MSAN-609,Конур-Олен MSAN-609,4,7
306,80604сш,Шоро-Булак СШ,4,7
307,80608,Ак-Олен,4,7
308,81801,Тору-Айгыр,4,7
309,81801/MSAN-591,Тору-Айгыр MSAN,4,7
310,81802/MSAN-580,Сары-Ой MSAN-580,4,7
311,81803/MSAN-330,Кожояр MSAN,4,7
312,81804/MSAN-350,Кок-Добо,4,7
313,90101,Нуржанова,2,7
314,90102,Сасык-Булак,2,7
315,90103,Кенеш,2,7
316,99200,Чуй,1,7
317,99201,Сокулук,1,7
318,99201/MSAN-510,Сокулук MSAN 510,1,7
319,99201/MSAN-540,Сокулук MSAN Птицефабрика,1,7
320,99201/MSAN-560,Сокулук MSAN Черемушки,1,7
321,99201/MSAN-570,Сокулук MSAN Геофизиков,1,7
322,99201/MSAN-600,Сокулук MSAN Дет сад,1,7
323,99201/MSAN-605,Cокулук MSAN 60лет Кирг,1,7
324,99201/SL2,Сокулук ЦИКТ,1,7
325,99202,Беловодское,1,7
326,99202 SL2,Беловодское ЦИКТ,1,7
327,99202/MSAN-500,Беловодское MSAN Сах.завод,1,7
328,99202/MSAN-510,Беловодское MSAN Телеком,1,7
329,99202/MSAN-530,Беловодское MSAN РТС,1,7
330,99202/MSAN-540,Беловодское MSAN ЖД,1,7
331,99202/MSAN-570,Беловодское MSAN Кольцевая,1,7
332,99203,Каинда,1,7
333,99203 ЦИКТ,Каинда,1,7
334,99203/MSAN-510,Каинда MSAN Телеком,1,7
335,99203/MSAN-525,Каинда MSAN,1,7
336,99204,Кара-Балта,1,7
337,99204/MSAN-350,Кара-Балта MSAN-350(КТ),1,7
338,99204/MSAN-460,Кара-Балта MSAN-460(ул Шопокова),1,7
339,99204/MSAN-470,Кара-Балта MSAN-470(РТУ),1,7
340,99204/MSAN-652,Кара-Балта MSAN-652(ул Жайыл),1,7
341,99204/SL2,Кара-Балта ЦИКТ,1,7
342,99204/АТС-2,Кара-Балта АТС-2,1,7
343,99204/ЦАТС-3,Кара-Балта ЦАТС-3,1,7
344,99204/ЦАТС-41,Кара-Балта ЦАТС-41,1,7
345,99204/ЦАТС-44,Кара-Балта ЦАТС-44,1,7
346,99204/ЦАТС-45,Кара-Балта ЦАТС-45,1,7
347,99205,Аламедин,1,7
348,99207,Кант,1,7
349,99207/CX200,Кант СХ 200,1,7
350,99207/MSAN-500,Кант MSAN Телеком,1,7
351,99207/MSAN-530,Кант MSAN МИС,1,7
352,99207/MSAN-548,Кант MSAN Мкр.1,1,7
353,99207/MSAN-561,Кант MSAN Мкр.2,1,7
354,99207/MSAN-574,Кант MSAN Цем.завод,1,7
355,99207/MSAN-587,Кант MSAN Военная база,1,7
356,99207/S7803,Кант S7803,1,7
357,99209,Кемин,1,7
358,99209/MSAN-500,Кемин MSAN Телеком,1,7
359,99209/MSAN-512,Кемин MSAN Акимиат,1,7
360,99209/MSAN-540,Кемин MSAN Рынок,1,7
361,99209/SL2,Кемин ЦИКТ,1,7
362,99209/НЭСК,Кемин НЭСК,1,7
363,99211/MSAN-457,Новопавловка MSAN,1,7
364,99212,В-Антоновка,1,7
365,99212/CX200,В-Антоновка,1,7
366,99212/MSAN-620,Военно-Антоновка MSAN,1,7
367,99213/MSAN-580,Шопоков MSAN,1,7
368,99214,Манас пос.,1,7
369,99214/MSAN-618,Манас пос. MSAN,1,7
370,99215,Кунтуу,1,7
371,99215/MSAN-640,Кун-Туу MSAN,1,7
372,99216/MSAN-660,Фрунзе MSAN,1,7
373,99217/MSAN-610,Жаны-Жер MSAN,1,7
374,99218/MSAN-555,Романовка MSAN,1,7
375,99218/СУС,Романовка СУС,7,7
376,99219/MSAN-595,Гавриловка MSAN,1,7
377,99220/MSAN-615,Первомайское MSAN,1,7
378,99221/MSAN-661,Петровка MSAN 1,1,7
379,99221/MSAN-666,Петровка MSAN 2,1,7
380,99222/MSAN-600,Александровка MSAN 1,1,7
381,99222/MSAN-620,Александровка MSAN 3,1,7
382,99222/MSAN-640,Александровка MSAN 2,1,7
383,99223/MSAN-630,Садовое MSAN,1,7
384,99224/MSAN-545,Предтеченка MSAN,1,7
385,99231,Чалдыбар,1,7
386,99231/MSAN-540,Чалдыбар MSAN,1,7
387,99231/КПП,Чалдыбар КПП,1,7
388,99232/MSAN-550,Панфиловка MSAN,1,7
389,99235/Асман,Асман,1,7
390,99241,Суусамыр,1,7
391,99242,Полтавка,1,7
392,99242/MSAN-485,Полтавка MSAN-485,1,7
393,99243,Кош-Тегирмен,1,7
394,99243/MSAN-310,Кош-Тегирмен MSAN-310,1,7
395,99244/MSAN-690,Сосновка MSAN,1,7
396,99244/ПВК,Сосновка ПВК,1,7
397,99246,Новониколаевка,1,7
398,99247,Бекитай,1,7
399,99248,Рыбхоз,1,7
400,99249,Боксо-Жол,1,7
401,99250,Петропавловка,1,7
402,99250/MSAN-489,Полтавка MSAN-489,1,7
403,99251,Лебединовка,1,7
404,99251/MSAN-609,Лебединовка MSAN,1,7
405,99252,Ак-Чий СЭЗ,1,7
406,99252/MSAN-600,Ак-Чий MSAN СЭЗ,1,7
407,99253,Пригородное,1,7
408,99253/MSAN-220(1),Пригородное MSAN-1,1,7
409,99253/MSAN-220(2),Пригородное MSAN-2,1,7
410,99253/АТС-9,Пригородное АТС-9,1,7
411,99254,Ленинское,1,7
412,99254/MSAN-414,Ленинское MSAN,1,7
413,99254/MSAN-446,Ленинское MSAN ПМК,1,7
414,99254/ПМК,Ленинское ПМК,1,7
415,99255/MSAN-484,Энесай,1,7
416,99256,Кара-Жигач,1,7
417,99256/MSAN-422,Кара-Жыгач MSAN,1,7
418,99256/НСС,Кара-Жыгач  НСС Орбита,7,7
419,99257,Таш-Добо,1,7
420,99257/MSAN-420,Таш-Добо MSAN,1,7
421,99258,Байтик,1,7
422,99258/MSAN-421,Байтик MSAN,1,7
423,99259,Арашан,1,7
424,99259/MSAN-420,Арашан MSAN,1,7
425,99259/Мечеть,Арашан/Мечеть,1,7
426,99260,Маевка,1,7
427,99260/MSAN-395,Маевка MSAN,1,7
428,99261,Кок-Жар,1,7
429,99262,Орто-Сай,1,7
430,99263,Гроздь,1,7
431,99264/MSAN-396,Нижняя Ала-Арча MSAN,1,7
432,99265,Таможня Ак-Жол,1,7
433,99266,ГЭС-2,1,7
434,99267/ MSAN-441,Чон-Арык,1,7
435,99267/ MSAN-570,Гос резиденция 1,11,7
436,99268/ MSAN-570,Гос резиденция 2,1,7
437,99269/ MSAN-420,Кой-Таш MSAN,1,7
438,99269/ MSAN-529,Беш-Кунгей,1,7
439,99269/М4,Бешкунгей/М4,1,7
440,99269/Панорама,Беш-Кунгей/Панорама,1,7
441,99270/MSAN-42/3,Кой-Таш,1,7
442,99271,Новопокровка,1,7
443,99271/MSAN-607,Ново-Покровка MSAN 1,1,7
444,99271/MSAN-609,Ново-Покровка MSAN 2,1,7
445,99272,Люксембург,1,7
446,99272/MSAN-535,Люксембург MSAN,1,7
447,99277,Красная речка,1,7
448,99277/MSAN-440,Красная-Речка MSAN,1,7
449,99278,Ивановка,1,7
450,99278/CX200,Ивановка,12,7
451,99278/MSAN-420,Ивановка MSAN,1,7
452,99279,Ивановка Ст.,1,7
453,99279/MSAN-461,Ивановка ст. MSAN,1,7
454,99280,Кен-Булун,1,7
455,99280/MSAN-450,Кен-Булун MSAN,1,7
456,99281,Милянфан,1,7
457,99281/MSAN-600,Милянфан MSAN,1,7
458,99282,Юрьевка,1,7
459,99282/MSAN-473,Юрьевка MSAN ip,1,7
460,99283,Кировское,1,7
461,99283/MSAN-495,Кировское MSAN,1,7
462,99284,РотФронт,1,7
463,99284/MSAN-650,РотФронтMSAN,1,7
464,99285,Нурманбет,1,7
465,99285/MSAN-620,Нурманбет,1,7
466,99286/MSAN-430,Дмитриевка MSAN,1,7
467,99287/MSAN-415,Киргшелк MSAN,1,7
468,99288/MSAN-630,Нооруз MSAN,1,7
469,99289/MSAN-640,Кенеш MSAN,1,7
470,99290,Бирдык,1,7
471,99291,Орловка,1,7
472,99291/MSAN-520,Орловка MSAN,1,7
473,99292,Чым-Коргон,1,7
474,99292/MSAN-570,Чым-Коргон MSAN,1,7
475,99293,Боролдой,1,7
476,99293/MSAN-561,Боролдой MSAN,1,7
477,99294,Шабдан,1,7
478,99294/MSAN-581,Шабдан MSAN,1,7
479,99295,Кызыл-Октябрь,1,7
480,99295/MSAN-592,Кызыл-Октябрь MSAN,1,7
481,99296/MSAN-552,Жаны-Алыш MSAN,1,7
482,99297/Боом,Боом,1,7
483,99301,Кадамжай,13,7
484,99301/АТС-2,Кадамжай АТС-2,13,7
485,99301/СХ200,Кадамжай СХ200,13,7
486,99301/ЦАТС-5,Кадамжай ЦАТС-5,13,7
487,99302,Кызыл-Кия,13,7
488,99302/Кара-Козу,Кызыл-Кия Кара-Козу,13,7
489,99302/КТЛ,Кызыл-Кия КТЛ,13,7
490,99302/Первомайская,Кызыл-Кия Первомайская,13,7
491,99302/ЦАТС-5,Кызыл-Кия ЦАТС-5,13,7
492,99302/ЦАТС-54,Кызыл-Кия ЦАТС-54,13,7
493,99302/ЦАТС-56,Кызыл-Кия ЦАТС-56,13,7
494,99302/ЮКЦ,Кызыл-Кия ЮКЦ,13,7
495,99303,Сулюкта,13,7
496,99303/ЦАТС-5,Сулюкта ЦАТС-5,13,7
497,99304,Исфана,13,7
498,99304/АТС-2,Исфана АТС-2,13,7
499,99304/мкр2,Исфана мкр2,13,7
500,99304/ЦАТС-5,Исфана ЦАТС-5,13,7
501,99311,Айдаркен,13,7
502,99312,Уч-Коргон,13,7
503,99312/MSAN-530,Уч-Коргон,13,7
504,99317,Кайтпас,13,7
505,99318,Торговое,13,7
506,99318/Финка,Торговое/Финка,13,7
507,99319,Z-Explorer,13,7
508,99341,Арка,13,7
509,99342,Кулунда,13,7
510,99347,Кош-Булак,13,7
511,99348,Кулатова а/о,13,7
512,99351,Самаркандык,13,7
513,99351/АТС,Самаркандык АТС,13,7
514,99352,Туураташ,13,7
515,99352/в/ч2001,Туураташ  в/ч 2001,13,7
516,99353,Чон-Гара,13,7
517,99358,с.Актурпак,13,7
518,99358сш,с.Актурпак СШ,13,7
519,99400,Афлатун,6,7
520,99401,Кербен,6,7
521,99401/АТС-2,Кербен АТС-2,6,7
522,99401/ЦАТС-5,Кербен ЦАТС-5,6,7
523,99402,Базар-Курган,6,7
524,99402/АТС-2,Базар-Курган АТС-2,6,7
525,99402/ЦАТС-5,Базар-Курган ЦАТС-5,6,7
526,99403,Ала-Бука,6,7
527,99403/АТС-2,Ала-Бука АТС-2,6,7
528,99403/ЦАТС-5,Ала-Бука ЦАТС-5,6,7
529,99404,Казарман,6,7
530,99404/АТС-4,Казарман АТС-4,6,7
531,99404/ЦАТС-5,Казарман ЦАТС-5,6,7
532,99405,Каныш-Кия,6,7
533,99405/ЦАТС-3,Каныш-Кия,6,7
534,99406,Сузак,6,7
535,99406/АТС-2,Сузак АТС-2,6,7
536,99406/ЦАТС-5,Сузак ЦАТС-5,6,7
537,99407,Массы,6,7
538,99407/АО,Массы АО,6,7
539,99407/АТС-2,Массы АТС-2,6,7
540,99407/К604/м5,К604/м5,6,7
541,99407/ЦАТС-5,Массы ЦАТС-5,6,7
542,99408,Токтогул,6,7
543,99408/АТС-2,Токтогул АТС-2,6,7
544,99408/ЦАТС-5,Токтогул ЦАТС-5,6,7
545,99410,Сарычелек,6,7
546,99411,Жергетал,6,7
547,99412,Бозбуата,6,7
548,99413,Кызылжар,6,7
549,99414,Кызылтуу,6,7
550,99415,Жаныжол,6,7
551,99416,Акжол,6,7
552,99417,Кашкасуу,6,7
553,99418,Аксуу,6,7
554,99419,Боспиек,6,7
555,99422,Ачи,6,7
556,99423,Арсланбоб,6,7
557,99424,Кызылай,6,7
558,99425,Гумкана,6,7
559,99426,Абдраимова,6,7
560,99427,Узбекгава,6,7
561,99428,Бешикжон,6,7
562,99429,Сейдыкум,6,7
563,99431,Аккоргон,6,7
564,99432,Ызар,6,7
565,99433,Жапасалды,6,7
566,99434,Жойбелент,6,7
567,99435,Маданият,6,7
568,99436,Гулистан,6,7
569,99437,Айрытам,6,7
570,99438,Тенги,6,7
571,99441,Атай,6,7
572,99451,Сумсар,6,7
573,99452,Шекафтар,6,7
574,99453,Терексай,6,7
575,99454,Башкы-Терек,6,7
576,99455,Жаны-Базар,6,7
577,99456,МЖС,6,7
578,99457,Ак-Таш,6,7
579,99458,Айгыр-Жал,6,7
580,99459,Чандалаш,6,7
581,99459/Booster,99459/Booster,6,7
582,99461,Октябрьское,6,7
583,99462,Аралсай,6,7
584,99463,Кокжангак,6,7
585,99464,Бек-Абад,6,7
586,99465,Жар-Кишлак,6,7
587,99466,Благовещенка,6,7
588,99467,Комсомол,6,7
589,99468,Кайрагач,6,7
590,99469,Киров,6,7
591,99470,Кызылкыргызстан,6,7
592,99471,Кочкор-Ата,6,7
593,99471/АТС-4,Кочкор-Ата АТС-2,6,7
594,99471/ЦАТС-5,Кочкор-Ата ЦАТС-5,6,7
595,99472,Ноокен,6,7
596,99473,Аримжан,6,7
597,99474,Чон-Багыш,6,7
598,99475,Арал,6,7
599,99476,Хиля,6,7
600,99477,Бурганды,6,7
601,99478,Бирдик,6,7
602,99479,Ынтымак,6,7
603,99481,Озгоруш,6,7
604,99482,Уч-Терек,6,7
605,99483,Жаны-Жол,6,7
606,99484,Кара-Жыгач,6,7
607,99485,Кызыл-Туу,6,7
608,99486,Терек-Суу,6,7
609,99487,Ак-Тектир,6,7
610,99488,Мазар-Суу,6,7
611,99489,Торкент,6,7
612,99491,Майлуу-Суу,6,7
613,99491 АТС-2,Майлуу-Суу АТС-2,6,7
614,99491 АТС-3,Майлуу-Суу АТС-3,6,7
615,99491/МЭЛЗ,Майлуусуу МЭЛЗ,6,7
616,99491/ЦАТС-5,Майлуу-Суу ЦАТС-5,6,7
617,99491/ЦАТС-52,Майлуу-Суу ЦАТС-52,6,7
618,99491/ЦАТС-54,Майлуу-Суу ЦАТС-54,6,7
619,99492,Таш-Кумыр,6,7
620,99492/ЦАТС-5,Таш-Кумыр ЦАТС-5,6,7
621,99493,Кара-Куль,6,7
622,99493/ЦАТС-5,Каракуль ЦАТС-5,6,7
623,994933/ЦАТС-3,Каракуль ЦАТС-5,6,7
624,99494,Шамалды-Сай,6,7
625,99494/ЦАТС-52,Шамалды-Сай ЦАТС 52,6,7
626,99495,Кок-Таш пгт,6,7
627,99496,Кызыл-Жар,6,7
628,99498,Тайгараево,6,7
629,99501,МЦК-1,60,7
630,99502,МЦК-2,11,7
631,99502/UMG,Бишкек МЦК-2 UMG,7,7
632,99503,Бишкек ТТ,60,7
633,99504,Б-1,7,7
634,99505,ЦАСУ,77,7
635,99506,УКД-1,7,7
636,99507,ЦПД,12,7
637,99507/CX600,ЦПД 2э,12,7
638,99507/S7803,ЦПД S7803,12,7
639,99508,БГТС,11,7
640,99511,Манас а/п,7,7
641,99511/MSAN-393,Манас а/п HONET ONU,11,7
642,99511/КАН,Манас а/п Киргаэронав,7,7
643,99511/МАМ,Манас а/п  МАМ ГП,7,7
644,99549,Бишкек ЦАТС-49,11,7
645,99549/SL2,Бишкек ЦАТС-49 Switch,12,7
646,99551,Бишкек ЦАТС-51,11,7
647,99553,Бишкек ЦАТС-53,11,7
648,99553 SL2,Бишкек ЦАТС-53 Switch,11,7
649,99554,Бишкек ЦАТС-54,11,7
650,99554 S,Бишкек ЦАТС-5\4 Switch,11,7
651,99554/DDF,Бишкек ЦАТС-54 DDF,11,7
652,99554/MSAN-597,Бишкек MSAN-597,11,7
653,99555,Бишкек Ак-Орго,11,7
654,99556,Бишкек ж/м Ала-Тоо,11,7
655,99556/MSAN-459,Бишкек  MSAN-459,11,7
656,99557,Бишкек ЦАТС-57,11,7
657,99561,Бишкек ЦАТС-61,11,7
658,99561 SL2,Бишкек ЦАТС-61 Switch,11,7
659,99562,Бишкек ЦАТС-62,11,7
660,99562 S,Бишкек ЦАТС-6\2 Switch,11,7
661,99563,Бишкек ЦАТС-63,11,7
662,99563 SL2,Бишкек ЦАТС-63 Switch,11,7
663,99565,Бишкек/ЦАТС/65,11,7
664,99566,Бишкек ЦАТС-66,11,7
665,99567,Бишкек ЦАТС-67,11,7
666,99567/3550,ЦАТС-67 Cisco 3550,11,7
667,99567/S5624,ЦАТС-67 Huawei S5624P,11,7
668,99567/S7803,ЦАТС-67,11,7
669,99568,Бишкек ЦАТС-68,11,7
670,99568 SL2,Бишкек ЦАТС-68 Switch,11,7
671,99577,MERA IP,7,7
672,99578,IP-TV  (ZOR TV),12,7
673,99601,Ат-Баши,3,7
674,99602,Баетово,3,7
675,99603,Чаек,3,7
676,99604,Кочкорка,3,7
677,99625,BTS-Суттуу-Булак,3,7
678,99631,Мин-Куш,3,7
679,99632,Кызыл-Жылдыз,3,7
680,99633,Тугол-Сай,3,7
681,99634,Эпкин,3,7
682,99641,Тендик,3,7
683,99700,УКД-2,5,7
684,99701,Араван,5,7
685,99701/MSAN-500,Араван MSAN 1,5,7
686,99701/MSAN-540,Араван MSAN 2,5,7
687,99702,Гульча,5,7
688,99702 SL2,Гульча  Switch,5,7
689,99702/MSAN-500,Гульча MSAN,5,7
690,99703,Кара-Кульджа,5,7
691,99703/MSAN-500,Каракулжа MSAN,5,7
692,99704,Кара-Суу,5,7
693,99704 SL2,Кара-Суу  Switch,5,7
694,99704/MSAN-500,Карасуу MSAN 1,5,7
695,99704/MSAN-530,Карасуу MSAN 2,5,7
696,99704/MSAN-540,Карасуу MSAN 3,5,7
697,99704/MSAN-570,Карасуу MSAN ул. Нурахунова,5,7
698,99706,Ноокат,5,7
699,99706/MSAN-500,Ноокат MSAN ip,5,7
700,99706/MSAN-540,Ноокат DF-7 MSAN ip,5,7
701,99706/MSAN-570,Ноокат DF-14 MSAN ip,5,7
702,99706/СХ300,Ноокат  Switch,5,7
703,99706/ЦАТС-5,Ноокат ЦАТС-5,5,7
704,99707,Узген,5,7
705,99707 SL2,Узген  Switch,5,7
706,99707/MSAN-500,Узген MSAN 500,5,7
707,99707/MSAN-530,Узген MSAN 530,5,7
708,99707/MSAN-570,Узген MSAN 570,5,7
709,99708,Дарауткоргон,5,7
710,99711,Авиз,5,7
711,99712,Гульбахар,5,7
712,99713,Мангыт,5,7
713,99713/MSAN-530,Мангыт,5,7
714,99714,Нурабат,5,7
715,99714/MSAN-575,Нурабад MSAN,5,7
716,99715,Тепекоргон,5,7
717,99715/MSAN-580,Тепекурган MSAN,5,7
718,99716,Чек-Абад,5,7
719,99716/MSAN-560,Чек-Абад MSAN,5,7
720,99721,Бозкарган,5,7
721,99722,Жошолу,5,7
722,99723,Кенжилга,5,7
723,99724,Корул,5,7
724,99725,Сары-Таш,5,7
725,99725/MSAN-518,Сарыташ MSAN,5,7
726,99726,Сопу-Коргон,5,7
727,99726/MSAN-530,Сопукоргон MSAN,5,7
728,99727,Иркештам,5,7
729,99727/КПП,Иркештам КПП,5,7
730,99728,Дарак 22,5,7
731,99731,Жаныталаа,5,7
732,99732,Каракочкор,5,7
733,99733,Кенеш,5,7
734,99734,Кызыл-Жар,5,7
735,99735,Ылай-Тала,5,7
736,99737,Кондук,5,7
737,99738,Ой-Тал,5,7
738,99739,Сары-Бээ,5,7
739,99741,Папан,5,7
740,99742,Башбулак,5,7
741,99743,Большевик,5,7
742,99744/MSAN-560,Жаныарык MSAN,5,7
743,99745,Желкелды,5,7
744,99746,Кашгар-Кишлак,5,7
745,99746/MSAN-550,Кашгаркыштак MSAN,5,7
746,99747,Кызылкошчу,5,7
747,99748,Кызылсуу,5,7
748,99749,Кызылшарк,5,7
749,99750,Маданият,5,7
750,99751,Отузадыр,5,7
751,99752,Сарыколот,5,7
752,99753/MSAN-680,Жданов MSAN,5,7
753,99754,Жапалак,5,7
754,99755,Фуркат,5,7
755,99757,Алп-Ордо,5,7
756,99758,c.Нариман,13,7
757,99761,Бель,5,7
758,99762,Жаныбазар,5,7
759,99763/MSAN-550,Жаны-ноокат MSAN ip,5,7
760,99764/MSAN-546,Кыр-кол  MSAN ip,5,7
761,99765,Кокжар,5,7
762,99766/MSAN-560,Котормо,5,7
763,99767,Кулатов,5,7
764,99768,Таджик-Кыштак,5,7
765,99768/ MSAN-585,Таджик-Кыштак MSAN-585,5,7
766,99769,Он-Эки-Бел,5,7
767,99771,Жеренчи,5,7
768,99772,Жыланды,5,7
769,99773,Карайдыкан,5,7
770,99774,Куршаб,5,7
771,99774/MSAN-540,Куршаб MSAN,5,7
772,99775,Мырза-Аки,5,7
773,99775/MSAN-550,Мырзааки MSAN,5,7
774,99776,Шоробашат,5,7
775,997778,Чангет,5,7
776,99779,Ийрек,5,7
777,99781,Ачысу,5,7
778,99782,Карамык,5,7
779,99783,Кашка-Суу,5,7
780,99784,Чак,5,7
781,99785,Шибе,5,7
782,99786,Сары-Могол,5,7
783,99791,Ош ЦАТС-2,5,7
784,99792,Ош ЦАТС-5,5,7
785,99801,Балыкчи,4,7
786,99801/К608/М3,Балыкчи К608/М3,4,7
787,99801/ЦАТС-3,Балыкчи ЦАТС-3,4,7
788,99801/ЦАТС-4,Балыкчи ЦАТС-4,4,7
789,99801/ЦАТС-5,Балыкчи ЦАТС-5,4,7
790,99801/ЦАТС-7,Балыкчи ЦАТС-7,4,7
791,99803,Тюп,4,7
792,99803/MSAN-240,Тюп MSAN телеком,4,7
793,99803/MSAN-260,Тюп MSAN 1,4,7
794,99803/РЭС,Тюп/РЭС,4,7
795,99804,Ак-Суу,4,7
796,99804/РЭС,Ак-Суу/РЭС,4,7
797,99805,Кызыл-Суу,4,7
798,99805/MSAN-510,Кызыл-Суу,4,7
799,99806,Боконбаево,4,7
800,99806/РЭС,Бокомбаево/РЭС,4,7
801,99811,Кош-Кель,4,7
802,99811/MSAN-570,Кош-Кель MSAN-570,4,7
803,99812,Тамчи,4,7
804,99812/MSAN-510,Тамчи MSAN-510,4,7
805,99813,Чок-Тал,4,7
806,99813/MSAN-535,Чок-Тал MSAN-535,4,7
807,99814,Чон-Сары-Ой,4,7
808,99814/MSAN-560,Чон-Сары-Ой MSAN-560,4,7
809,99815,Кара-Ой,4,7
810,99815/MSAN-540,Кара-Ой MSAN-540,4,7
811,99815/MSAN-545,Кара-Ой Рохат,4,7
812,99816,Орнок,4,7
813,99816/MSAN-586,Орнок MSAN-586,4,7
814,99817,Булан-Соготу,4,7
815,99817/MSAN-470,Булан-Соготу MSAN-470,4,7
816,99817/ЦО,Булан-Соготу Карвен,4,7
817,99818,Чолпон-Ата,4,7
818,99818/MSAN-620,Ч-Ата ГИК MSAN-620,4,7
819,99818/ЦАТС-4,Чолпон-Ата ЦАТС-4,4,7
820,99818/ЦАТС-5,Чолпон-Ата ПМК ЦАТС-5,4,7
821,99818/ЦИКТ,Чолпон-Ата ЦИКТ,4,7
822,99819,Бактуу-Долоноту,4,7
823,99819/MSAN-390,Бактуу-Долоноту MSAN,4,7
824,99820,Бостери,4,7
825,99820/MSAN-450,Бостери MSAN 450,4,7
826,99820/MSAN-609,Бостери Школа,4,7
827,99821,Ананьево,4,7
828,99821/MSAN-480,Ананьево MSAN-480,4,7
829,99822,Бает,4,7
830,99822/MSAN-575,Бает MSAN,4,7
831,99823,Григорьевка,4,7
832,99823/MSAN-400,Григорьевка MSAN,4,7
833,99824,Семёновка,4,7
834,99824/MSAN-340,Семёновка MSAN,4,7
835,99825/MSAN-300,Корумду MSAN,4,7
836,99826/MSAN-310,Темир MSAN,4,7
837,99827/MSAN-320,Кашат MSAN,4,7
838,99828/MSAN-360,Жаркымбаево MSAN,4,7
839,99829/MSAN-370,Чон-Орукту MSAN,4,7
840,99831,Тасма,4,7
841,99833/MSAN-330,Кутурга MSAN,4,7
842,99834,Балбай,4,7
843,99836/MSAN-310,Ак-Булак MSAN,4,7
844,99837,Талды-Суу,4,7
845,99837/MSAN-380,Талды-Суу MSAN,4,7
846,99838,Ак-Булун,4,7
847,99841,Джергалан,4,7
848,99842,Боз-Учук,4,7
849,99843/RSU,Жолголот,4,7
850,99844,Чельпек,4,7
851,99845/АО,Маман,4,7
852,99846/СШ,Курбу,4,7
853,99847/АО,Тепке,4,7
854,99848,Тегизчил,4,7
855,99849,Уч-Кайнар,4,7
856,99851,Тамга,4,7
857,99851/MSAN-250,Тамга MSAN,4,7
858,99852,Тосор,4,7
859,99852/MSAN-246,Тосор MSAN,4,7
860,99853/MSAN-281,Джеты-Огуз MSAN,4,7
861,99853/Курорт,Джеты-Огуз Курорт,4,7
862,99854,Оргочор,4,7
863,99854/MSAN-607,Оргочор MSAN-607,4,7
864,99855,Ирдык,4,7
865,99855/MSAN-200,Ырдык RSU,4,7
866,99856/MSAN-570,Саруу MSAN,4,7
867,99857,Кытай,4,7
868,99858/MSAN-580,Дархан MSAN,4,7
869,99859,Барскоон,4,7
870,99859/MSAN-261,Барскоон MSAN,4,7
871,99860,Светлая поляна,4,7
872,99861,Каджи-Сай,4,7
873,99861/MSAN-920,Каджи-Сай MSAN,4,7
874,99862,Тогуз-Булак,4,7
875,99863,Тон,4,7
876,99863/MSAN-607,Тон MSAN-607,4,7
877,99864,Торт-Куль,4,7
878,99864/MSAN-604,Торт-Куль MSAN-604,4,7
879,99865,Ак-Сай,4,7
880,99865/MSAN-606,Ак-Сай MSAN-606,4,7
881,99866,Кара-Коо,4,7
882,99866/MSAN-603,с.Кара-Коо MSAN-603,4,7
883,99866/К608/М59А,Кара-Коо К608/М59А,4,7
884,99867,Оттук,4,7
885,99867/MSAN-608,Оттук MSAN-608,4,7
886,99901,Кок-Ой,2,7
887,99901/RSU,Кок-Ой,2,7
888,99902,Кызыл-Адыр,2,7
889,99903,Бакай-Ата,2,7
890,99903/RSU,Бакай-Ата RSU,2,7
891,99903/М6,Бакай-Ата М6,2,7
892,99904,Покровка,2,7
893,99911,Ак-сай,2,7
894,99911/MSAN-603,Ак-сай MSAN-603,2,7
895,99912,Копуро-Базар,2,7
896,99912/MSAN-602,Копуро-Базар MSAN-602,2,7
897,99914,Кызыл-Туу,2,7
898,99914/MSAN-604,Кызыл-Туу MSAN-604,2,7
899,99915,Кара-Ой,2,7
900,99916,Чат-Базар,2,7
901,99916/MSAN-601,Чат-Базар MSAN-601,2,7
902,99917,Айхан-Ордо,2,7
903,99918,Джеруй,2,7
904,99921,Аманбаева,2,7
905,99921/MSAN-605,Аманбаева MSAN-605,2,7
906,99922,Сасык-Булак,2,7
907,99923,Кенеш,2,7
908,99924,Кара-Сай,2,7
909,99924/MSAN-607,Кара-Сай/MSAN-607,2,7
910,99925,Чолпонбай,2,7
911,99925/MSAN-606,Чолпонбай MSAN-606,2,7
912,99927,Сатыкей,2,7
913,99931,Боотерек,2,7
914,99931/MSAN-604,Боотерек MSAN-604,2,7
915,99932,Мин-Булак,2,7
916,99932/MSAN-605,Мин-Булак MSAN-605,2,7
917,99934,Ак-Добо,2,7
918,99934/MSAN-606,Ак-Добо MSAN-606,2,7
919,99937,Озгоруш,2,7
920,99940,Кызыл-Жылдыз,2,7
921,99940/MSAN-603,Кызыл-Жылдыз MSAN-603,2,7
922,99941,Арал,2,7
923,99941/MSAN-604,Арал MSAN-604,2,7
924,99944/КПП,Чон-Капка,2,7
925,99945/вх,Кировское вх,2,7
926,"АСР ""Кристалл""й","АСР ""Кристалл""",77,7
927,АСР Старт,АСР Старт,77,7
928,Бишкек RSU-59,Бишкек RSU-59,11,7
929,Бишкек RSU-59\64,Бишкек RSU-59\64,11,7
930,Бишкек КЦ,Бишкек КЦ,17,7
931,Бишкек УЭПУ,Бишкек УЭПУ,81,7
932,в/ч01525,Канжар,55,7
933,в/ч02626,Булут,55,7
934,в/ч2021,Калкан,56,7
935,в/ч2022,Айгульташ,56,7
936,в/ч2023,Долон,56,7
937,в/ч2025,Ташрабат,56,7
938,в/ч2027,Найза,56,7
939,в/ч2028,Айкол,56,7
940,в/ч2029,Ордо,56,7
941,в/ч2030,Алабука,56,7
942,в/ч2062,АК-Шумкар,56,7
943,в/ч2064,Улан,56,7
944,в/ч30295,Чалкан,55,7
945,в/ч33665,Жылдыз,55,7
946,в/ч33880,Бурана,55,7
947,в/ч75564,Тулпар,55,7
948,в/ч92784,Чынгыш,55,7
949,в/ч92843,Тумар,55,7
950,в/ч93546,Жалын,55,7
951,Империал Тобакко,Империал Тобакко Кыр,11,7
952,Меra IP,Mera IP,60,7
953,Нуржанова,99921,2,7
954,Сокулук СУС,99201/СУС,7,7
955,ЦУМС,Москва,20,7
956,Чон-Талаа,99357,13,7
957,TJK,Таджикистан,19,8
958,TJK/In,Таджикистан ЗАО Индиго,88,8
959,TJK/In/Нефтеабад,Таджикистан ЗАО Индиго,88,8
960,TJK/In/Худжент,аджикистан ЗАО Индиго,88,8
961,TJK/TT/Душанбе,Таджикистан ТаджТелеком,19,8
962,TJK/TT/Исфара,Таджикистан ТаджТелеком,19,8
963,TJK/TTK/Душанбе,Таджикистан ТелТехнол,19,8
964,TJK/TTK/Нефтиобод,Таджикистан ТелекТехноло,63,8
965,TJK/TTК/Исфара,Таджикистан ТелекТехноло,19,8
966,TJK/ВT/Душанбе,Таджикистан Вавилон-Т,25,8
967,TJK/ВT/Исфара,Таджикистан Вавилон-Т,25,8
968,TJK/СО/Душанбе,Таджикистан «Сатурн-онлайн»,86,8
969,TJK/СО/Исфара,Таджикистан «Сатурн-онлайн»,86,8
970,35995 DDF Винлайн,Винлайн,40,11
971,CHN/CT,Китай,43,11
972,CHN/CT/Атуши,Китай,43,11
973,CHN/CT/Пекин,Китай,43,11
974,CHN/CT/Хоргос,Китай,43,11
975,CHN/CT/Шеньжень,Китай,43,11
976,DEU/DTAG,Германия,44,11
977,GBR,Британия,7,11
978,GBR/BRIT,Британия БритТелеком,52,11
979,GBR/BTSEL,Британия БитиСелек,52,11
980,MNG/RC,Монголия Рэйлком,83,11
981,35994/ЖЭ,ЖПВЭС,6,12
982,35994/ТРК С2,ТРК “С-2”,6,12
983,35995/МЧС,МЧС,11,12
984,35997/а/п,Ош аэропорт,75,12
985,99453/АТ,99453/АТ Терексай,39,12
986,99500,АС-9 Бишкек,57,12
987,99511/КАН,Манас а/п КАН,84,12
988,99562/ЭлКат,99562,54,12
989,99727/Скай Мобайл,Иркештам Скай Мобайл,26,12
990,FastNet,FastNet  ОсОО,7,12
991,GRA ОсОО,Golden Rule Airlines,7,12
992,I-Space ОсОО,I-Space ОсОО,11,12
993,Абател,Абател ОсОО,75,12
994,Азия-Инфо,Азия-Инфо,50,12
995,Ай-Спэйс,Ай-Спэйс,7,12
996,Ай-Элемент,Ай-Элемент,11,12
997,АльфаТ К-Кол,Альфа Телеком К-Кол,4,12
998,АльфаТ Тлс,Альфа Телеком Тлс,2,12
999,АльфаТ Ч-А,Альфа Телеком Ч-А,4,12
1000,Альфа-Телеком,Альфа-Телеком,39,12
1001,Альфа-Телеком Ош,БиМоКом Ош,39,12
1002,АОС,ассоциация операторов св,12,12
1003,АУБ,Азия Универсал Банк,7,12
1004,Бай-Тушум МФК,Бай-Тушум МФК,11,12
1005,в/ч20022,Кант Авиабаза,7,12
1006,ВБ,Всемирный Банк в КР,11,12
1007,Винлайн,Винлайн,40,12
1008,Генеральная Прокуратура КР,Генеральная Прокуратура КР,11,12
1009,Глобалико холдингс,Глобалико холдингс,11,12
1010,Дан ЗАО ТК,Дан ЗАО ТК,11,12
1011,ЕБРР,Европейский банк,11,12
1012,Евросоюз,Евросоюз Представительство,11,12
1013,Иквэнт,Иквент Кыргыз LTD,7,12
1014,Исател,Исател,7,12
1015,КазкомБанк,КазкоммБанк,7,12
1016,Кател,Кател,27,12
1017,КИКБ ЗАО,КИКБ ЗАО Банк,11,12
1018,ККБ,Казкоммерцбанк,66,12
1019,Команьон ЗАО,Команьон ЗАО,11,12
1020,Марево,Марево в/ч 45682,85,12
1021,Мегалайн,Megalaine,68,12
1022,МинФин,МинФин,7,12
1023,МинЭконРег,МинистерсвоЭконмРегулиро,7,12
1024,МТВС,МТВС,7,12
1025,НБКР,Нац Банк,11,12
1026,НурТелеком,НурТелеком,47,12
1027,НЭСК,Нац Эл Компания,64,12
1028,Пос Великобритании,Посольство Великобритании,11,12
1029,ПосСША,Посольство США,7,12
1030,Райдер,Райдер Ассошэйтс Лимитед,11,12
1031,РЦТ,РЦТ ОсОО,92,12
1032,РЦТ Ош,РЦТ ОсОО,92,12
1033,С-2 ТРК,Сентябрь 2 ТРК,6,12
1034,Сайма Телеком,Сайма Телеком,7,12
1035,Семь Мобайл,Семь Мобайл,36,12
1036,Скай Мобайл,Скай Мобайл,26,12
1037,Скай Мобайл Ош,Скай Мобайл Ош,26,12
1038,СоТел,СоТел,7,12
1039,Тотел,Тотел,59,12
1040,ТранзитТ,ТранзитТ,72,12
1041,Транс-Кыргыз Газ,Транс-Кыргыз Газ,11,12
1042,Трансфер,Трансфер LTD,7,12
1043,Тунь-Сунь,Тунь-Сунь,51,12
1044,УправДелми Пр,УправДелми Президента,11,12
1045,ФТС РФ,Пр Таможенной сл РФ,7,12
1046,Хаят,Хаят гостиница,11,12
1047,ЦИК КР,Цен.изир.комм КР,7,12
1048,Шмель,Шмель  ОсОО,7,12
1049,Экстра лайн,Экстра лайн ОсОО,7,12
1050,ЭлКат,ЭлКат,54,12
1051,ЮмашеваЧП,ЮмашеваЧП,4,12
